,Product Name, Prices ,Discriptions,Reviews
0,"realme C55 (Rainforest, 64 GB)"," ? 10,999.00 ",4 GB RAM | 64 GB ROM | Expandable Upto 1 TB17.07 cm (6.72 inch) Full HD+ Display64MP + 2MP | 8MP Front Camera5000 mAh BatteryHelio G88 Processor1 Year Manufacturer Warranty for Phone and 6 Months Warranty for In the Box Accessories,4.4
1,"realme C55 (Rainy Night, 64 GB)"," ? 11,999.00 ",6 GB RAM | 64 GB ROM | Expandable Upto 1 TB17.07 cm (6.72 inch) Full HD+ Display64MP + 2MP | 8MP Front Camera5000 mAh BatteryHelio G88 Processor1 Year Manufacturer Warranty for Phone and 6 Months Warranty for In the Box Accessories,4.3
2,"POCO M5 (Icy Blue, 128 GB)"," ? 10,749.00 ","6 GB RAM | 128 GB ROM | Expandable Upto 512 GB16.71 cm (6.58 inch) Full HD+ Display50MP + 2MP Depth Sensor + 2MP Macro Sensor | 8MP Front Camera5000 mAh Lithium-ion Polymer BatteryMediatek Helio G99 Processor1 Year for Handset, 6 Months for Accessories",4.2
3,"POCO M4 5G (Power Black, 64 GB)"," ? 12,999.00 ",4 GB RAM | 64 GB ROM | Expandable Upto 512 GB16.71 cm (6.58 inch) Full HD+ Display50MP + 2MP | 8MP Front Camera5000 mAh Lithium Ion Polymer BatteryMediatek Dimensity 700 Processor1 Year Warranty for Handset and 6 Months for Accessories,4.2
4,"POCO M4 Pro (Yellow, 128 GB)"," ? 12,499.00 ","6 GB RAM | 128 GB ROM | Expandable Upto 1 TB16.33 cm (6.43 inch) Full HD+ AMOLED Display64MP + 8MP + 2MP | 16MP Front Camera5000 mAh Lithium-ion Polymer BatteryMediatek Helio G96 ProcessorOne Year for Handset, 6 Months for Accessories",4.3
5,"SAMSUNG Galaxy F14 5G (GOAT Green, 128 GB)"," ? 14,990.00 ","6 GB RAM | 128 GB ROM | Expandable Upto 1 TB16.76 cm (6.6 inch) Full HD+ Display50MP + 2MP | 13MP Front Camera6000 mAh BatteryExynos 1330, Octa Core Processor1 Year Manufacturer Warranty for Device and 6 Months Manufacturer Warranty for In-Box Accessories",4.2
6,"SAMSUNG Galaxy F14 5G (OMG Black, 128 GB)"," ? 14,990.00 ","6 GB RAM | 128 GB ROM | Expandable Upto 1 TB16.76 cm (6.6 inch) Full HD+ Display50MP + 2MP | 13MP Front Camera6000 mAh BatteryExynos 1330, Octa Core Processor1 Year Manufacturer Warranty for Device and 6 Months Manufacturer Warranty for In-Box Accessories",4.2
7,"REDMI Note 12 (Ice Blue, 64 GB)"," ? 13,999.00 ",6 GB RAM | 64 GB ROM | Expandable Upto 1 TB16.94 cm (6.67 inch) Full HD+ Super AMOLED Display50MP + 8MP + 2MP | 13MP Front Camera5000 mAh BatterySnapdragon 685 Processor1 Year Manufacturer Warranty for Phone and 6 Months Warranty for In the Box Accessories,4.1
8,"realme 10 (Clash White, 128 GB)"," ? 14,999.00 ",8 GB RAM | 128 GB ROM | Expandable Upto 1 TB16.26 cm (6.4 inch) Full HD+ Display50MP + 2MP | 16MP Front Camera5000 mAh BatteryMediatek Helio G99 Octa Core Processor1 Year Manufacturer Warranty for Phone and 6 Months Warranty for In-Box Accessories,4.3
9,"realme 10 (Rush Black, 64 GB)"," ? 11,999.00 ",4 GB RAM | 64 GB ROM | Expandable Upto 1 TB16.26 cm (6.4 inch) Full HD+ Display50MP + 2MP | 16MP Front Camera5000 mAh BatteryMediatek Helio G99 Octa Core Processor1 Year Manufacturer Warranty for Phone and 6 Months Warranty for In-Box Accessories,4.3
10,"POCO M4 Pro (Yellow, 128 GB)"," ? 13,999.00 ","8 GB RAM | 128 GB ROM | Expandable Upto 1 TB16.33 cm (6.43 inch) Full HD+ AMOLED Display64MP + 8MP + 2MP | 16MP Front Camera5000 mAh Lithium-ion Polymer BatteryMediatek Helio G96 ProcessorOne Year for Handset, 6 Months for Accessories",4.2
11,"REDMI 11 Prime (Flashy Black, 64 GB)"," ? 9,999.00 ",4 GB RAM | 64 GB ROM | Expandable Upto 512 GB16.71 cm (6.58 inch) Full HD+ Display50MP + 2MP + 2MP | 8MP Front Camera5000 mAh BatteryHelio G99 Processor1 Year Manufacturer Warranty for Phone and 6 Months Warranty for In the Box Accessories,4.3
12,"REDMI Note 12 (Lunar Black, 64 GB)"," ? 13,999.00 ",6 GB RAM | 64 GB ROM | Expandable Upto 1 TB16.94 cm (6.67 inch) Full HD+ Super AMOLED Display50MP + 8MP + 2MP | 13MP Front Camera5000 mAh BatterySnapdragon 685 Processor1 Year Manufacturer Warranty for Phone and 6 Months Warranty for In the Box Accessories,4.1
13,"realme 10 (Clash White, 64 GB)"," ? 11,999.00 ",4 GB RAM | 64 GB ROM | Expandable Upto 1 TB16.26 cm (6.4 inch) Full HD+ Display50MP + 2MP | 16MP Front Camera5000 mAh BatteryMediatek Helio G99 Octa Core Processor1 Year Manufacturer Warranty for Phone and 6 Months Warranty for In-Box Accessories,4.3
14,"SAMSUNG Galaxy F13 (Waterfall Blue, 128 GB)"," ? 11,999.00 ",4 GB RAM | 128 GB ROM | Expandable Upto 1 TB16.76 cm (6.6 inch) Full HD+ Display50MP + 5MP + 2MP | 8MP Front Camera6000 mAh Lithium Ion BatteryExynos 850 Processor1 Year Warranty Provided By the Manufacturer from Date of Purchase,4.3
15,"POCO M5 (Yellow, 128 GB)"," ? 10,749.00 ","6 GB RAM | 128 GB ROM | Expandable Upto 512 GB16.71 cm (6.58 inch) Full HD+ Display50MP + 2MP Depth Sensor + 2MP Macro Sensor | 8MP Front Camera5000 mAh Lithium-ion Polymer BatteryMediatek Helio G99 Processor1 Year for Handset, 6 Months for Accessories",4.2
16,"realme 10 (Rush Black, 128 GB)"," ? 14,999.00 ",8 GB RAM | 128 GB ROM | Expandable Upto 1 TB16.26 cm (6.4 inch) Full HD+ Display50MP + 2MP | 16MP Front Camera5000 mAh BatteryMediatek Helio G99 Octa Core Processor1 Year Manufacturer Warranty for Phone and 6 Months Warranty for In-Box Accessories,4.3
17,"REDMI Note 12 (Sunrise Gold, 64 GB)"," ? 13,999.00 ",6 GB RAM | 64 GB ROM | Expandable Upto 1 TB16.94 cm (6.67 inch) Full HD+ Super AMOLED Display50MP + 8MP + 2MP | 13MP Front Camera5000 mAh BatterySnapdragon 685 Processor1 Year Manufacturer Warranty for Phone and 6 Months Warranty for In the Box Accessories,4.1
18,"POCO M5 (Power Black, 128 GB)"," ? 10,749.00 ","6 GB RAM | 128 GB ROM | Expandable Upto 512 GB16.71 cm (6.58 inch) Full HD+ Display50MP + 2MP Depth Sensor + 2MP Macro Sensor | 8MP Front Camera5000 mAh Lithium-ion Polymer BatteryMediatek Helio G99 Processor1 Year for Handset, 6 Months for Accessories",4.2
19,"REDMI 10 (Pacific Blue, 128 GB)"," ? 10,999.00 ",6 GB RAM | 128 GB ROM | Expandable Upto 1 TB17.02 cm (6.7 inch) HD+ Display50MP + 2MP | 5MP Front Camera6000 mAh Lithium Polymer BatteryQualcomm Snapdragon 680 Processor1 Year Warranty for Phone and 6 Months Warranty for In-Box Accessories,4.2
20,"SAMSUNG Galaxy F04 (Opal Green, 64 GB)"," ? 8,499.00 ",4 GB RAM | 64 GB ROM | Expandable Upto 1 TB16.51 cm (6.5 inch) HD Display13MP + 2MP | 5MP Front Camera5000 mAh Lithium-Ion BatteryMediatek Helio P35 Processor1 Year Manufacturer Warranty for Device and 6 Months Manufacturer Warranty for In-Box Accessories,4.2
21,"SAMSUNG Galaxy F13 (Nightsky Green, 64 GB)"," ? 10,999.00 ",4 GB RAM | 64 GB ROM | Expandable Upto 1 TB16.76 cm (6.6 inch) Full HD+ Display50MP + 5MP + 2MP | 8MP Front Camera6000 mAh Lithium Ion BatteryExynos 850 Processor1 Year Warranty Provided By the Manufacturer from Date of Purchase,4.3
22,"REDMI 11 Prime (Peppy Purple, 64 GB)"," ? 9,999.00 ",4 GB RAM | 64 GB ROM | Expandable Upto 512 GB16.71 cm (6.58 inch) Full HD+ Display50MP + 2MP + 2MP | 8MP Front Camera5000 mAh BatteryHelio G99 Processor1 Year Manufacturer Warranty for Phone and 6 Months Warranty for In the Box Accessories,4.3
23,"Infinix HOT 20 5G (Space Blue, 64 GB)"," ? 11,499.00 ",4 GB RAM | 64 GB ROM | Expandable Upto 1 TB16.76 cm (6.6 inch) Full HD+ Display50MP + AI Lens | 8MP Front Camera5000 mAh Li-ion Polymer BatteryDimensity 810 Processor1 Year on Handset and 6 Months on Accessories,4.2
24,"Infinix HOT 20 5G (Blaster Green, 64 GB)"," ? 11,499.00 ",4 GB RAM | 64 GB ROM | Expandable Upto 1 TB16.76 cm (6.6 inch) Full HD+ Display50MP + AI Lens | 8MP Front Camera5000 mAh Li-ion Polymer BatteryDimensity 810 Processor1 Year on Handset and 6 Months on Accessories,4.2
25,"SAMSUNG Galaxy F13 (Nightsky Green, 128 GB)"," ? 11,999.00 ",4 GB RAM | 128 GB ROM | Expandable Upto 1 TB16.76 cm (6.6 inch) Full HD+ Display50MP + 5MP + 2MP | 8MP Front Camera6000 mAh Lithium Ion BatteryExynos 850 Processor1 Year Warranty Provided By the Manufacturer from Date of Purchase,4.3
26,"POCO M4 5G (Yellow, 128 GB)"," ? 14,999.00 ",6 GB RAM | 128 GB ROM | Expandable Upto 512 GB16.71 cm (6.58 inch) Full HD+ Display50MP + 2MP | 8MP Front Camera5000 mAh Lithium Ion Polymer BatteryMediatek Dimensity 700 Processor1 Year Warranty for Handset and 6 Months for Accessories,4.2
27,"SAMSUNG Galaxy F13 (Sunrise Copper, 128 GB)"," ? 11,999.00 ",4 GB RAM | 128 GB ROM | Expandable Upto 1 TB16.76 cm (6.6 inch) Full HD+ Display50MP + 5MP + 2MP | 8MP Front Camera6000 mAh Lithium Ion BatteryExynos 850 Processor1 Year Warranty Provided By the Manufacturer from Date of Purchase,4.3
28,"SAMSUNG GALAXY M13 (Midnight Blue, 64 GB)"," ? 10,749.00 ",4 GB RAM | 64 GB ROM16.76 cm (6.6 inch) Display50MP Rear Camera6000 mAh Battery12 Months Warranty,4.2
29,"SAMSUNG Galaxy F13 (Waterfall Blue, 64 GB)"," ? 10,999.00 ",4 GB RAM | 64 GB ROM | Expandable Upto 1 TB16.76 cm (6.6 inch) Full HD+ Display50MP + 5MP + 2MP | 8MP Front Camera6000 mAh Lithium Ion BatteryExynos 850 Processor1 Year Warranty Provided By the Manufacturer from Date of Purchase,4.3
30,"Infinix HOT 20 5G (Racing Black, 64 GB)"," ? 11,499.00 ",4 GB RAM | 64 GB ROM | Expandable Upto 1 TB16.76 cm (6.6 inch) Full HD+ Display50MP + AI Lens | 8MP Front Camera5000 mAh Li-ion Polymer BatteryDimensity 810 Processor1 Year on Handset and 6 Months on Accessories,4.2
31,"SAMSUNG Galaxy F14 5G (GOAT Green, 128 GB)"," ? 13,990.00 ","4 GB RAM | 128 GB ROM | Expandable Upto 1 TB16.76 cm (6.6 inch) Full HD+ Display50MP + 2MP | 13MP Front Camera6000 mAh BatteryExynos 1330, Octa Core Processor1 Year Manufacturer Warranty for Device and 6 Months Manufacturer Warranty for In-Box Accessories",4.2
32,"SAMSUNG Galaxy F13 (Sunrise Copper, 64 GB)"," ? 10,999.00 ",4 GB RAM | 64 GB ROM | Expandable Upto 1 TB16.76 cm (6.6 inch) Full HD+ Display50MP + 5MP + 2MP | 8MP Front Camera6000 mAh Lithium Ion BatteryExynos 850 Processor1 Year Warranty Provided By the Manufacturer from Date of Purchase,4.3
33,"POCO M4 Pro (Yellow, 64 GB)"," ? 10,999.00 ","6 GB RAM | 64 GB ROM | Expandable Upto 1 TB16.33 cm (6.43 inch) Full HD+ AMOLED Display64MP + 8MP + 2MP | 16MP Front Camera5000 mAh Lithium-ion Polymer BatteryMediatek Helio G96 ProcessorOne Year for Handset, 6 Months for Accessories",4.3
34,"SAMSUNG GALAXY M13 5G (Aqua Green, 64 GB)"," ? 12,447.00 ",4 GB RAM | 64 GB ROM16.51 cm (6.5 inch) Display50MP Rear Camera5000 mAh Battery12 Months Warranty,4.1
35,"MOTOROLA g42 (Atlantic Green, 64 GB)"," ? 11,888.00 ",4 GB RAM | 64 GB ROM16.43 cm (6.47 inch) Full HD+ AMOLED Display50MP + 8MP + 2MP | 16MP Front Camera5000 mAh Lithium polymer BatteryQualcomm Snapdragon 680 Processor1 Year on Handset and 6 Months on Accessories,4.2
36,"SAMSUNG Galaxy A03 Core (Onyx, 32 GB)"," ? 6,350.00 ","2 GB RAM | 32 GB ROM16.51 cm (6.5 inch) Display8MP Rear Camera5000 mAh Battery12 Months brand Warranty , Domestic Only",4.1
37,"SAMSUNG Galaxy F14 5G (B.A.E. Purple, 128 GB)"," ? 13,990.00 ","4 GB RAM | 128 GB ROM | Expandable Upto 1 TB16.76 cm (6.6 inch) Full HD+ Display50MP + 2MP | 13MP Front Camera6000 mAh BatteryExynos 1330, Octa Core Processor1 Year Manufacturer Warranty for Device and 6 Months Manufacturer Warranty for In-Box Accessories",4.2
38,"SAMSUNG Galaxy F14 5G (OMG Black, 128 GB)"," ? 13,990.00 ","4 GB RAM | 128 GB ROM | Expandable Upto 1 TB16.76 cm (6.6 inch) Full HD+ Display50MP + 2MP | 13MP Front Camera6000 mAh BatteryExynos 1330, Octa Core Processor1 Year Manufacturer Warranty for Device and 6 Months Manufacturer Warranty for In-Box Accessories",4.2
39,"Infinix Zero 5G 2023 (Pearly White, 128 GB)"," ? 14,999.00 ",8 GB RAM | 128 GB ROM | Expandable Upto 256 GB17.22 cm (6.78 inch) Full HD+ Display50MP + 2MP + 2MP | 16MP Front Camera5000 mAh Lithium-ion Polymer BatteryMediatek Dimensity 920 Processor1 Year on Handset and 6 Months on Accessories,4.1
40,"Infinix Zero 5G 2023 (Submariner Black, 128 GB)"," ? 14,999.00 ",8 GB RAM | 128 GB ROM | Expandable Upto 256 GB17.22 cm (6.78 inch) Full HD+ Display50MP + 2MP + 2MP | 16MP Front Camera5000 mAh Lithium-ion Polymer BatteryMediatek Dimensity 920 Processor1 Year on Handset and 6 Months on Accessories,4.1
41,"realme Narzo N55 (Prime Blue, 128 GB)"," ? 14,896.00 ",6 GB RAM | 128 GB ROM17.07 cm (6.72 inch) Display64MP Rear Camera5000 mAh Battery1 Year Domestic Warranty for Phone and 6 Months Warranty for In-Box Accessories,4.3
42,"MOTOROLA g42 (Atlantic Green, 64 GB)"," ? 11,449.00 ","4 GB RAM | 64 GB ROM | Expandable Upto 256 GB16.43 cm (6.47 inch) Full HD+ Display50MP + 8MP + 2MP | 16MP Front Camera5000 mAh BatteryQualcomm Snapdragon 680 Processor1 Year Warranty on Phone, 6 Months Warranty on Accessories",4.2
43,"POCO M4 5G (Yellow, 64 GB)"," ? 12,999.00 ",4 GB RAM | 64 GB ROM | Expandable Upto 512 GB16.71 cm (6.58 inch) Full HD+ Display50MP + 2MP | 8MP Front Camera5000 mAh Lithium Ion Polymer BatteryMediatek Dimensity 700 Processor1 Year Warranty for Handset and 6 Months for Accessories,4.2
44,"SAMSUNG Galaxy F14 5G (B.A.E. Purple, 128 GB)"," ? 14,990.00 ","6 GB RAM | 128 GB ROM | Expandable Upto 1 TB16.76 cm (6.6 inch) Full HD+ Display50MP + 2MP | 13MP Front Camera6000 mAh BatteryExynos 1330, Octa Core Processor1 Year Manufacturer Warranty for Device and 6 Months Manufacturer Warranty for In-Box Accessories",4.2
45,"realme 9i 5G (Rocking Black, 64 GB)"," ? 14,999.00 ",4 GB RAM | 64 GB ROM | Expandable Upto 1 TB16.76 cm (6.6 inch) Full HD+ Display50MP + 2MP + 2MP | 8MP Front Camera5000 mAh Lithium Ion BatteryMediatek Dimensity 810 5G Processor1 Year Manufacturer Warranty for Phone and 6 Months Warranty for In-Box Accessories,4.5
46,"Infinix Hot 20 5G (Blaster Green, 128 GB)"," ? 13,499.00 ",6 GB RAM | 128 GB ROM | Expandable Upto 1 TB16.76 cm (6.6 inch) Full HD+ Display50MP + AI Lens | 8MP Front Camera5000 mAh Li-ion Polymer BatteryDimensity 810 Processor1 Year on Handset and 6 Months on Accessories,4.1
47,"realme 9i 5G (Soulful Blue, 64 GB)"," ? 14,999.00 ",4 GB RAM | 64 GB ROM | Expandable Upto 1 TB16.76 cm (6.6 inch) Full HD+ Display50MP + 2MP + 2MP | 8MP Front Camera5000 mAh Lithium Ion BatteryMediatek Dimensity 810 5G Processor1 Year Manufacturer Warranty for Phone and 6 Months Warranty for In-Box Accessories,4.5
48,"realme 9i 5G (Metallica Gold, 64 GB)"," ? 14,999.00 ",4 GB RAM | 64 GB ROM | Expandable Upto 1 TB16.76 cm (6.6 inch) Full HD+ Display50MP + 2MP + 2MP | 8MP Front Camera5000 mAh Lithium Ion BatteryMediatek Dimensity 810 5G Processor1 Year Manufacturer Warranty for Phone and 6 Months Warranty for In-Box Accessories,4.5
49,"Infinix Zero 5G 2023 (Coral Orange, 128 GB)"," ? 14,999.00 ",8 GB RAM | 128 GB ROM | Expandable Upto 256 GB17.22 cm (6.78 inch) Full HD+ Display50MP + 2MP + 2MP | 16MP Front Camera5000 mAh Lithium-ion Polymer BatteryMediatek Dimensity 920 Processor1 Year on Handset and 6 Months on Accessories,4.1
50,"SAMSUNG Galaxy M04 (Light Green, 64 GB)"," ? 8,699.00 ",4 GB RAM | 64 GB ROM16.51 cm (6.5 inch) HD+ Display13MP + 2MP | 5MP Front Camera5000 mAh BatteryMediaTek Helio P35 Processor1 year manufacturer warranty for device and 6 months manufacturer warranty for in-box accessories including batteries from the date of purchase,4.1
51,"POCO M4 Pro (Cool Blue, 128 GB)"," ? 13,999.00 ","8 GB RAM | 128 GB ROM | Expandable Upto 1 TB16.33 cm (6.43 inch) Full HD+ AMOLED Display64MP + 8MP + 2MP | 16MP Front Camera5000 mAh Lithium-ion Polymer BatteryMediatek Helio G96 ProcessorOne Year for Handset, 6 Months for Accessories",4.2
52,"SAMSUNG GALAXY M13 (Midnight Blue, 128 GB)"," ? 12,763.00 ",6 GB RAM | 128 GB ROM16.76 cm (6.6 inch) Display50MP Rear Camera6000 mAh Battery12 Months Warranty,4.2
53,"SAMSUNG GALAXY M13 (Stardust Brown, 128 GB)"," ? 12,829.00 ",6 GB RAM | 128 GB ROM16.76 cm (6.6 inch) Display50MP Rear Camera6000 mAh Battery12 Months Warranty,4.2
54,"Infinix Hot 20 5G (Space Blue, 128 GB)"," ? 13,499.00 ",6 GB RAM | 128 GB ROM | Expandable Upto 1 TB16.76 cm (6.6 inch) Full HD+ Display50MP + AI Lens | 8MP Front Camera5000 mAh Li-ion Polymer BatteryDimensity 810 Processor1 Year on Handset and 6 Months on Accessories,4.1
55,"Infinix Hot 20 5G (Racing Black, 128 GB)"," ? 13,499.00 ",6 GB RAM | 128 GB ROM | Expandable Upto 1 TB16.76 cm (6.6 inch) Full HD+ Display50MP + AI Lens | 8MP Front Camera5000 mAh Li-ion Polymer BatteryDimensity 810 Processor1 Year on Handset and 6 Months on Accessories,4.1
56,"SAMSUNG GALAXY M13 (Aqua Green, 64 GB)"," ? 10,695.00 ",4 GB RAM | 64 GB ROM16.76 cm (6.6 inch) Display50MP Rear Camera6000 mAh Battery1 Year Warranty,4.2
57,"MOTOROLA g31 (Baby Blue, 128 GB)"," ? 12,999.00 ",6 GB RAM | 128 GB ROM | Expandable Upto 1 TB16.26 cm (6.4 inch) Full HD+ Display50MP + 8MP + 2MP | 13MP Front Camera5000 mAh LiPo BatteryMediatek Helio G85 Processor1 Year on Handset and 6 Months on Accessories,4.1
58,"realme 8i (Space Black, 64 GB)"," ? 11,499.00 ",4 GB RAM | 64 GB ROM | Expandable Upto 256 GB16.76 cm (6.6 inch) Full HD+ Display50MP + 2MP + 2MP | 16MP Front Camera5000 mAh BatteryMediaTek Helio G96 Processor1 Year Warranty for Mobile and 6 Months for Accessories,4.5
59,"SAMSUNG Galaxy M13 (Aqua Green, 128 GB)"," ? 12,804.00 ",6 GB RAM | 128 GB ROM16.76 cm (6.6 inch) Display50MP Rear Camera6000 mAh Battery12 Months Warranty,4.2
60,"vivo T1 44W (Midnight Galaxy, 128 GB)"," ? 14,499.00 ",4 GB RAM | 128 GB ROM | Expandable Upto 1 TB16.36 cm (6.44 inch) Full HD+ AMOLED Display50MP + 2MP + 2MP | 16MP Front Camera5000 mAh Lithium BatteryQualcomm Snapdragon 680 Processor1 Year Handset and 6 Months Accessories,4.5
61,"vivo T1 44W (Starry Sky, 128 GB)"," ? 14,499.00 ",4 GB RAM | 128 GB ROM | Expandable Upto 1 TB16.36 cm (6.44 inch) Full HD+ AMOLED Display50MP + 2MP + 2MP | 16MP Front Camera5000 mAh Lithium BatteryQualcomm Snapdragon 680 Processor1 Year Handset and 6 Months Accessories,4.5
62,"REDMI 12C (?Lavender Purple, 128 GB)"," ? 10,685.00 ",6 GB RAM | 128 GB ROM17.04 cm (6.71 inch) Display50MP Rear Camera5000 mAh BatteryDomestic warranty of 12 months on phone & 6 months on accessories,4.2
63,"REDMI Note 11S (Space Black, 64 GB)"," ? 14,889.00 ",6 GB RAM | 64 GB ROM16.33 cm (6.43 inch) Display108MP Rear Camera5000 mAh Battery1 Year Manufacturer Warranty for Handset and 6 Months Warranty for In the Box Accessories,4.1
64,"realme C25s (Watery Blue, 128 GB)"," ? 11,499.00 ",4 GB RAM | 128 GB ROM | Expandable Upto 256 GB16.51 cm (6.5 inch) HD+ Display13MP + 2MP + 2MP | 8MP Front Camera6000 mAh BatteryMediaTek Helio G85 Processor1 Year Warranty for Mobile and 6 Months for Accessories,4.4
65,"REDMI 11 Prime 5G (Thunder Black, 64 GB)"," ? 13,697.00 ",4 GB RAM | 64 GB ROM16.71 cm (6.58 inch) Display5MP Rear Camera5000 mAh Battery1 Year Warranty,4.2
66,"REDMI 11 Prime 5G (Meadow Green, 64 GB)"," ? 13,840.00 ",4 GB RAM | 64 GB ROM16.71 cm (6.58 inch) Display5MP Rear Camera5000 mAh Battery1 Year Warranty,4.2
67,"REDMI 9 Activ (Coral Green, 128 GB)"," ? 9,499.00 ",6 GB RAM | 128 GB ROM | Expandable Upto 512 GB16.59 cm (6.53 inch) HD+ Display13MP + 2MP | 5MP Front Camera5000 mAh Lithium Polymer BatteryMediatek Helio G35 Processor1 Year Manufacturer Warranty for Phone and 6 Months Warranty for in the Box Accessories,4.2
68,"REDMI 10 Power (Sporty Orange, 128 GB)"," ? 12,672.00 ",8 GB RAM | 128 GB ROM17.02 cm (6.7 inch) Display50MP Rear Camera6000 mAh Battery12 Months Warranty,4.2
69,"SAMSUNG GALAXY M13 5G (Midnight Blue, 64 GB)"," ? 12,451.00 ",4 GB RAM | 64 GB ROM16.51 cm (6.5 inch) Display50MP Rear Camera5000 mAh Battery12 Months Warranty,4.1
70,"realme Narzo N55 (Prime Black, 128 GB)"," ? 14,899.00 ",6 GB RAM | 128 GB ROM17.07 cm (6.72 inch) Display64MP Rear Camera5000 mAh Battery1 Year Domestic Warranty for Phone and 6 Months Warranty for In-Box Accessories,4.3
71,"POCO M4 5G (Power Black, 128 GB)"," ? 14,999.00 ",6 GB RAM | 128 GB ROM | Expandable Upto 512 GB16.71 cm (6.58 inch) Full HD+ Display50MP + 2MP | 8MP Front Camera5000 mAh Lithium Ion Polymer BatteryMediatek Dimensity 700 Processor1 Year Warranty for Handset and 6 Months for Accessories,4.2
72,"realme Narzo N55 (Prime Black, 128 GB)"," ? 14,899.00 ",6 GB RAM | 128 GB ROM17.07 cm (6.72 inch) Display64MP Rear Camera5000 mAh Battery1 Year Domestic Warranty for Phone and 6 Months Warranty for In-Box Accessories,4.3
73,"POCO M4 5G (Power Black, 128 GB)"," ? 14,999.00 ",6 GB RAM | 128 GB ROM | Expandable Upto 512 GB16.71 cm (6.58 inch) Full HD+ Display50MP + 2MP | 8MP Front Camera5000 mAh Lithium Ion Polymer BatteryMediatek Dimensity 700 Processor1 Year Warranty for Handset and 6 Months for Accessories,4.2
74,"OPPO A17 (Lake Blue, 64 GB)"," ? 12,999.00 ",4 GB RAM | 64 GB ROM16.66 cm (6.56 inch) HD+ Display50MP + 0.3MP | 5MP Front Camera5000 mAh BatteryMediatek Helio G35 Processor1 Year Manufacturer Warranty for Phone and 6 Months Warranty for In-Box Accessories,4.4
75,"realme Narzo 30 (Racing Silver, 128 GB)"," ? 12,999.00 ",6 GB RAM | 128 GB ROM | Expandable Upto 256 GB16.51 cm (6.5 inch) Full HD+ Display48MP + 2MP + 2MP | 16MP Front Camera5000 mAh BatteryMediaTek Helio G95 Processor30W Charger1 Year Warranty for Mobile and 6 Months for Accessories,4.3
76,"OPPO A17 (Sunlight Orange, 64 GB)"," ? 12,499.00 ",4 GB RAM | 64 GB ROM | Expandable Upto 2 TB16.66 cm (6.56 inch) HD+ Display50MP + 0.3MP + 0.3MP | 5MP Front Camera5000 mAh Lithium-ion Polymer BatteryMediatek Helio G35 Processor1 Year on Handset and 6 Months on Accessories,4.4
77,"OPPO A17 (Midnight Black, 64 GB)"," ? 12,499.00 ",4 GB RAM | 64 GB ROM | Expandable Upto 2 TB16.66 cm (6.56 inch) HD+ Display50MP + 0.3MP + 0.3MP | 5MP Front Camera5000 mAh Lithium-ion Polymer BatteryMediatek Helio G35 Processor1 Year on Handset and 6 Months on Accessories,4.4
78,"Infinix Note 12 (Force Black, 64 GB)"," ? 10,999.00 ",4 GB RAM | 64 GB ROM | Expandable Upto 512 GB17.02 cm (6.7 inch) Full HD+ AMOLED Display50MP + 2MP Depth + AI Lens | 16MP Front Camera5000 mAh Li-ion Polymer BatteryMediaTek Helio G88 Processor1 Year on Handset and 6 Months on Accessories,4.2
79,"REDMI 12C (Lavender Purple, 64 GB)"," ? 9,145.00 ",4 GB RAM | 64 GB ROM17.04 cm (6.71 inch) Display50MP Rear Camera5000 mAh BatteryDomestic warranty of 12 months on phone & 6 months on accessories,4.2
80,"REDMI 11 Prime 5G (Chrome Silver, 64 GB)"," ? 13,668.00 ",4 GB RAM | 64 GB ROM16.71 cm (6.58 inch) Display5MP Rear Camera5000 mAh Battery1 Year Warranty,4.2
81,"REDMI 11 Prime (Playful Green, 64 GB)"," ? 9,999.00 ",4 GB RAM | 64 GB ROM | Expandable Upto 512 GB16.71 cm (6.58 inch) Full HD+ Display50MP + 2MP + 2MP | 8MP Front Camera5000 mAh BatteryHelio G99 Processor1 Year Manufacturer Warranty for Phone and 6 Months Warranty for In the Box Accessories,4.3
82,"realme Narzo 50A (Oxygen Blue, 64 GB)"," ? 11,499.00 ",4 GB RAM | 64 GB ROM | Expandable Upto 256 GB16.51 cm (6.5 inch) HD+ Display50MP + 2MP + 2MP | 8MP Front Camera6000 mAh BatteryMediaTek Helio G85 Processor1 Year Warranty for Mobile and 6 Months for Accessories,4.4
83,"realme Narzo 50A (Oxygen Green, 128 GB)"," ? 11,384.00 ",4 GB RAM | 128 GB ROM | Expandable Upto 256 GB16.51 cm (6.5 inch) HD+ Display50MP + 2MP + 2MP | 8MP Front Camera6000 mAh BatteryMediaTek Helio G85 Processor1 Year Warranty for Mobile and 6 Months for Accessories,4.4
84,"REDMI 9 Prime (Sunrise Flare, 128 GB)"," ? 11,390.00 ",4 GB RAM | 128 GB ROM | Expandable Upto 512 GB16.59 cm (6.53 inch) Full HD+ Display13MP + 8MP + 5MP + 2MP | 8MP Front Camera5020 mAh BatteryMediaTek Helio G80 Processor1 Year Manufacturer Warranty,4.4
85,"realme Narzo 30 (Racing Blue, 128 GB)"," ? 12,999.00 ",6 GB RAM | 128 GB ROM | Expandable Upto 256 GB16.51 cm (6.5 inch) Full HD+ Display48MP + 2MP + 2MP | 16MP Front Camera5000 mAh BatteryMediaTek Helio G95 Processor30W Charger1 Year Warranty for Mobile and 6 Months for Accessories,4.3
86,"REDMI 10 Power (Power Black, 128 GB)"," ? 12,796.00 ",8 GB RAM | 128 GB ROM17.02 cm (6.7 inch) Display50MP Rear Camera6000 mAh Battery12 Months Warranty,4.2
87,"REDMI 12C (Mint Green, 128 GB)"," ? 10,991.00 ",6 GB RAM | 128 GB ROM17.04 cm (6.71 inch) Display50MP Rear Camera5000 mAh BatteryDomestic warranty of 12 months on phone & 6 months on accessories,4.2
88,"REDMI Note 11 (Horizon Blue, 64 GB)"," ? 12,830.00 ",4 GB RAM | 64 GB ROM16.33 cm (6.43 inch) Display50MP Rear Camera5000 mAh Battery1 Year Warranty,4.2
89,"REDMI 11 Prime 5G (Chrome Silver, 128 GB)"," ? 15,242.00 ",6 GB RAM | 128 GB ROM16.71 cm (6.58 inch) Display5MP Rear Camera5000 mAh Battery1 Year Warranty,4.2
90,"realme Narzo 50A (Oxygen Blue, 128 GB)"," ? 12,490.00 ",4 GB RAM | 128 GB ROM | Expandable Upto 256 GB16.51 cm (6.5 inch) HD+ Display50MP + 2MP + 2MP | 8MP Front Camera6000 mAh BatteryMediaTek Helio G85 Processor1 Year Warranty for Mobile and 6 Months for Accessories,4.4
91,"Tecno Pova 3 (Tech Silver, 64 GB)"," ? 10,999.00 ","4 GB RAM | 64 GB ROM | Expandable Upto 512 GB17.53 cm (6.9 inch) Full HD+ Display50MP + 2MP + 2MP | 8MP Front Camera7000 mAh BatteryMediaTek Helio G88 ProcessorOne Year Warranty for Handset, 6 Months for Accessories",4.2
92,"vivo T1X (Space Blue, 64 GB)"," ? 11,999.00 ",4 GB RAM | 64 GB ROM16.71 cm (6.58 inch) Full HD+ Display50MP + 2MP | 8MP Front Camera5000 mAh BatteryQualcomm Snapdragon 680 Processor1 Year on Handset and 6 Months on Accessories,4.5
93,"vivo T1X (Gravity Black, 64 GB)"," ? 11,999.00 ",4 GB RAM | 64 GB ROM16.71 cm (6.58 inch) Full HD+ Display50MP + 2MP | 8MP Front Camera5000 mAh BatteryQualcomm Snapdragon 680 Processor1 Year on Handset and 6 Months on Accessories,4.5
94,"SAMSUNG Galaxy A14 5G (Dark Red, 64 GB)"," ? 15,999.00 ",4 GB RAM | 64 GB ROM | Expandable Upto 1 TB16.76 cm (6.6 inch) HD+ Display50MP + 2MP | 13MP Front Camera5000 mAh Lithium Ion BatterySEC S5E8535 (Exynos 1330) Processor1 Year Manufacturer Warranty for Device and 6 Months Manufacturer Warranty for In-Box Accessories,4.1
95,"SAMSUNG Galaxy M04 (Light Green, 64 GB)"," ? 7,944.00 ",4 GB RAM | 64 GB ROM16.51 cm (6.5 inch) HD+ Display13MP + 2MP | 5MP Front Camera5000 mAh BatteryMediaTek Helio P35 Processor1 year manufacturer warranty for device and 6 months manufacturer warranty for in-box accessories including batteries from the date of purchase,4.1
96,"MOTOROLA g22 (Cosmic Black, 64 GB)"," ? 10,999.00 ",4 GB RAM | 64 GB ROM | Expandable Upto 1 TB16.51 cm (6.5 inch) HD+ Display50MP + 8MP + 2MP + 2MP | 16MP Front Camera5000 mAh Lithium Ion BatteryMediatek Helio G37 Processor1 Year on Handset and 6 Months on Accessories,3.8
97,"SAMSUNG Galaxy A14 5G (Light Green, 64 GB)"," ? 15,999.00 ",4 GB RAM | 64 GB ROM | Expandable Upto 1 TB16.76 cm (6.6 inch) HD+ Display50MP + 2MP | 13MP Front Camera5000 mAh Lithium Ion BatterySEC S5E8535 (Exynos 1330) Processor1 Year Manufacturer Warranty for Device and 6 Months Manufacturer Warranty for In-Box Accessories,4.1
98,"Tecno Pova 3 (Eco Black, 64 GB)"," ? 10,848.00 ","4 GB RAM | 64 GB ROM | Expandable Upto 512 GB17.53 cm (6.9 inch) Full HD+ Display50MP + 2MP + 2MP | 8MP Front Camera7000 mAh BatteryMediaTek Helio G88 ProcessorOne Year Warranty for Handset, 6 Months for Accessories",4.2
99,"REDMI 10 Prime 2022 (Bifrost Blue, 64 GB)"," ? 11,780.00 ",4 GB RAM | 64 GB ROM16.51 cm (6.5 inch) Display8MP Rear Camera6000 mAh Battery1 Year Warranty for Phone and 6 Months Warranty for In-Box Accessories,4.2
100,"SAMSUNG GALAXY M13 (Midnight Blue, 64 GB)"," ? 10,799.00 ",4 GB RAM | 64 GB ROM16.76 cm (6.6 inch) Display50MP Rear Camera6000 mAh Battery12 MONTHS,4.2
101,"MOTOROLA G42 (Metallic Rose, 64 GB)"," ? 11,450.00 ","4 GB RAM | 64 GB ROM16.43 cm (6.47 inch) Full HD+ Display50MP Rear Camera5000 mAh BatteryQualcomm Snapdragon 680 Processordomestic 1 Year Warranty on Phone, 6 Months Warranty on Accessories",4.2
102,"realme 9i (Prism Blue, 64 GB)"," ? 11,999.00 ",4 GB RAM | 64 GB ROM | Expandable Upto 1 TB16.76 cm (6.6 inch) Full HD+ Display50MP + 2MP + 2MP | 16MP Front Camera5000 mAh Lithium ion BatteryQualcomm Snapdragon 680 (SM6225) Processor1 Year Manufacturer Warranty for Phone and 6 Months Warranty for in the Box Accessories,4.5
103,"vivo Y16 (Steller Black, 64 GB)"," ? 11,999.00 ",4 GB RAM | 64 GB ROM | Expandable Upto 1 TB16.54 cm (6.51 inch) HD+ Display13MP + 2MP | 5MP Front Camera5000 mAh Lithium BatteryMediatek Helio P35 Processor1 Year of Device & 6 Months for In-Box Accessories,4.3
104,"vivo Y16 (Steller Black, 128 GB)"," ? 16,999.00 ",4 GB RAM | 128 GB ROM | Expandable Upto 1 TB16.54 cm (6.51 inch) HD+ Display13MP + 2MP | 5MP Front Camera5000 mAh Lithium BatteryMediatek Helio P35 Processor1 Year of Device & 6 Months for In-Box Accessories,4.3
105,"IQOO Z6 Lite 5G (Without Charger) (Mystic Night, 64 GB)"," ? 14,390.00 ",4 GB RAM | 64 GB ROM16.97 cm (6.68 inch) Display50MP Rear Camera5000 mAh Battery1 Year,4.2
106,"REDMI 10 Prime 2022 (Astral White, 64 GB)"," ? 10,758.00 ",4 GB RAM | 64 GB ROM16.51 cm (6.5 inch) Display50MP Rear Camera6000 mAh Battery12 Months,4.2
107,"vivo Y16 (Drizzling Gold, 64 GB)"," ? 10,499.00 ",3 GB RAM | 64 GB ROM | Expandable Upto 1 TB16.54 cm (6.51 inch) HD+ Display13MP + 2MP | 5MP Front Camera5000 mAh Lithium BatteryMediatek Helio P35 Processor1 Year of Device & 6 Months for In-Box Accessories,4.2
108,"REDMI Note 11S (Polar White, 64 GB)"," ? 14,423.00 ",6 GB RAM | 64 GB ROM16.33 cm (6.43 inch) Display108MP Rear Camera5000 mAh Battery1 Year Warranty,4.1
109,"OPPO A17K (Navy Blue, 64 GB)"," ? 9,800.00 ",3 GB RAM | 64 GB ROM | Expandable Upto 2 TB16.66 cm (6.56 inch) HD+ Display8MP Rear Camera | 5MP Front Camera5000 mAh BatteryMediatek Helio G35 Processor1 Year on Handset and 6 Months on Accessories,4.5
110,"OPPO A17k (Navy Blue, 64 GB)"," ? 9,499.00 ",3 GB RAM | 64 GB ROM | Expandable Upto 2 TB16.66 cm (6.56 inch) HD+ Display8MP Rear Camera | 5MP Front Camera5000 mAh BatteryMediatek Helio P35 Processor1 Year on Handset and 6 Months on Accessories,4.5
111,"OPPO A17k (Gold, 64 GB)"," ? 9,499.00 ",3 GB RAM | 64 GB ROM | Expandable Upto 2 TB16.66 cm (6.56 inch) HD+ Display8MP Rear Camera | 5MP Front Camera5000 mAh BatteryMediatek Helio P35 Processor1 Year on Handset and 6 Months on Accessories,4.5
112,"vivo Y16 (Steller Black, 64 GB)"," ? 10,999.00 ",3 GB RAM | 64 GB ROM | Expandable Upto 1 TB16.54 cm (6.51 inch) HD+ Display13MP + 2MP | 5MP Front Camera5000 mAh Lithium BatteryMediatek Helio P35 Processor1 Year of Device & 6 Months for In-Box Accessories,4.2
113,"vivo Y12G (Phantom Black, 64 GB)"," ? 11,219.00 ",3 GB RAM | 64 GB ROM | Expandable Upto 256 GB16.54 cm (6.51 inch) HD+ Display13MP + 2MP | 8MP Front Camera5000 mAh Li-ion BatteryQualcomm Snapdragon 439 Processor1 Year Warranty for Handset and 6 Months for In-box Accessories,4.3
114,"POCO X2 (Atlantis Blue, 64 GB)"," ? 17,999.00 ",6 GB RAM | 64 GB ROM | Expandable Upto 512 GB16.94 cm (6.67 inch) Full HD+ Display64MP + 8MP + 2MP + 2MP | 20MP + 2MP Dual Front Camera4500 mAh Lithium-ion Polymer BatteryQualcomm Snapdragon 730G ProcessorBrand Warranty of 1 Year Available for Mobile and 6 Months for Accessories,4.5
115,"Infinix Note 12 5G (Snowfall, 64 GB)"," ? 14,999.00 ",6 GB RAM | 64 GB ROM | Expandable Upto 2 TB17.02 cm (6.7 inch) Full HD+ AMOLED Display50 MP + 2 MP Depth Lens + AI Lens | 16MP Front Camera5000 mAh Li-ion Polymer BatteryMediatek Dimensity 810 5G Processor1 Year on Handset and 6 Months on Accessories,4.2
116,"vivo Y16 (Drizzling Gold, 128 GB)"," ? 16,999.00 ",4 GB RAM | 128 GB ROM | Expandable Upto 1 TB16.54 cm (6.51 inch) HD+ Display13MP + 2MP | 5MP Front Camera5000 mAh Lithium BatteryMediatek Helio P35 Processor1 Year of Device & 6 Months for In-Box Accessories,4.3
117,"vivo Y16 (Drizzling Gold, 64 GB)"," ? 11,999.00 ",4 GB RAM | 64 GB ROM | Expandable Upto 1 TB16.54 cm (6.51 inch) HD+ Display13MP + 2MP | 5MP Front Camera5000 mAh Lithium BatteryMediatek Helio P35 Processor1 Year of Device & 6 Months for In-Box Accessories,4.3
118,"SAMSUNG GALAXY M13 (Stardust Brown, 64 GB)"," ? 10,840.00 ",4 GB RAM | 64 GB ROM16.76 cm (6.6 inch) Display50MP Rear Camera6000 mAh Battery12 Months Warranty,4.2
119,"POCO M4 Pro (Power Black, 128 GB)"," ? 13,999.00 ","8 GB RAM | 128 GB ROM | Expandable Upto 1 TB16.33 cm (6.43 inch) Full HD+ AMOLED Display64MP + 8MP + 2MP | 16MP Front Camera5000 mAh Lithium-ion Polymer BatteryMediatek Helio G96 ProcessorOne Year for Handset, 6 Months for Accessories",4.2
120,"MOTOROLA g52 (Metallic White, 128 GB)"," ? 13,999.00 ",6 GB RAM | 128 GB ROM16.76 cm (6.6 inch) Full HD+ Display50MP + 8MP + 2MP | 16MP Front Camera5000 mAh Lithium BatteryQualcomm Snapdragon 680 Processor1 Year on Handset and 6 Months on Accessories,4.2
121,"Tecno Camon 18 (Iris Purple, 128 GB)"," ? 11,990.00 ",4 GB RAM | 128 GB ROM | Expandable Upto 512 GB17.27 cm (6.8 inch) Full HD+ Display48MP + 2MP + 2MP | 48MP Front Camera5000 mAh BatteryMediaTek Helio G85 ProcessorBrand Warranty 1 Year for Handset & 6 Months for Accessories,4.2
122,"Tecno Camon 18 (Dusk Grey, 128 GB)"," ? 11,990.00 ",4 GB RAM | 128 GB ROM | Expandable Upto 512 GB17.27 cm (6.8 inch) Full HD+ Display48MP + 2MP + 2MP | 48MP Front Camera5000 mAh BatteryMediaTek Helio G85 ProcessorBrand Warranty 1 Year for Handset & 6 Months for Accessories,4.2
123,"vivo T1X (Gravity Black, 128 GB)"," ? 14,999.00 ",6 GB RAM | 128 GB ROM16.71 cm (6.58 inch) Full HD+ Display50MP + 2MP | 8MP Front Camera5000 mAh BatteryQualcomm Snapdragon 680 Processor1 Year on Handset and 6 Months on Accessories,4.4
124,"REDMI 10 (Midnight Black, 128 GB)"," ? 10,999.00 ",6 GB RAM | 128 GB ROM | Expandable Upto 1 TB17.02 cm (6.7 inch) HD+ Display50MP + 2MP | 5MP Front Camera6000 mAh Lithium Polymer BatteryQualcomm Snapdragon 680 Processor1 Year Warranty for Phone and 6 Months Warranty for In-Box Accessories,4.2
125,"Tecno Spark 9 (Sky Mirror, 64 GB)"," ? 8,499.00 ","4 GB RAM | 64 GB ROM | Expandable Upto 512 GB16.76 cm (6.6 inch) HD+ Display13MP Rear Camera | 8MP Front Camera5000 mAh BatteryMediaTek Helio G37 Processor1 Year Warranty for Handset, 6 Months for Accessories",4.1
126,"REDMI 10A (Charcoal Black, 64 GB)"," ? 9,298.00 ",4 GB RAM | 64 GB ROM16.59 cm (6.53 inch) Display13MP Rear Camera5000 mAh Battery12 months,4.2
127,"MOTOROLA g52 (Charcoal Grey, 128 GB)"," ? 13,999.00 ",6 GB RAM | 128 GB ROM16.76 cm (6.6 inch) Full HD+ Display50MP + 8MP + 2MP | 16MP Front Camera5000 mAh Lithium BatteryQualcomm Snapdragon 680 Processor1 Year on Handset and 6 Months on Accessories,4.2
128,"REDMI 10 Prime 2022 (Phantom Black, 64 GB)"," ? 11,899.00 ",4 GB RAM | 64 GB ROM16.51 cm (6.5 inch) Display50MP Rear Camera6000 mAh Battery12 Months,4.2
129,"REDMI 10 Prime (Phantom Black, 128 GB)"," ? 14,999.00 ",6 GB RAM | 128 GB ROM | Expandable Upto 512 GB16.51 cm (6.5 inch) Full HD Display50MP + 8MP + 2MP + 2MP | 8MP Front Camera6000 mAh BatteryHelio G88 Processor1 Year Manufacturer Warranty for Handset and 6 Months Warranty for In the Box Accessories,4.2
130,"Tecno Spark Go 2023 (Nebula Purple, 64 GB)"," ? 8,545.00 ",4 GB RAM | 64 GB ROM | Expandable Upto 256 GB16.66 cm (6.56 inch) HD+ Display13MP Rear Camera | 5MP Front Camera5000 mAh BatteryMediaTek Helio A22 ProcessorDomestic Warranty of 12 Months on Phone & 6 Months on Accessories,4.1
131,"Redmi 10 Prime (Phantom Black, 64 GB)"," ? 11,940.00 ",4 GB RAM | 64 GB ROM16.51 cm (6.5 inch) Display8MP Rear Camera6000 mAh Battery1 Year Manufacturer Warranty for Handset and 6 Months Warranty for In the Box Accessories,4.2
132,"POCO C31 (Shadow Gray, 64 GB)"," ? 9,499.00 ","4 GB RAM | 64 GB ROM | Expandable Upto 512 GB16.59 cm (6.53 inch) HD+ Display13MP + 2MP + 2MP | 5MP Front Camera5000 mAh Lithium-ion Polymer BatteryMediaTek Helio G35 Processor1 Year Warranty for Handset, 6 Months for Accessories",4.3
133,"Infinix Note 12 5G (Force Black, 64 GB)"," ? 14,999.00 ",6 GB RAM | 64 GB ROM | Expandable Upto 2 TB17.02 cm (6.7 inch) Full HD+ AMOLED Display50 MP + 2 MP Depth Lens + AI Lens | 16MP Front Camera5000 mAh Li-ion Polymer BatteryMediatek Dimensity 810 5G Processor1 Year on Handset and 6 Months on Accessories,4.2
134,"REDMI 10A (Sea Blue, 32 GB)"," ? 8,478.00 ",3 GB RAM | 32 GB ROM16.59 cm (6.53 inch) Display13MP Rear Camera5000 mAh Battery12 months,4.1
135,"SAMSUNG Galaxy M04 (Dark Blue, 128 GB)"," ? 13,290.00 ",4 GB RAM | 128 GB ROM16.51 cm (6.5 inch) HD+ Display13MP + 2MP5000 mAh BatteryMediaTek Helio P35 Processor1 year manufacturer warranty for device and 6 months manufacturer warranty for in-box accessories,4.1
136,"SAMSUNG GALAXY M13 5G (Midnight Blue, 128 GB)"," ? 14,538.00 ",6 GB RAM | 128 GB ROM16.51 cm (6.5 inch) Display50MP Rear Camera5000 mAh Battery12 Months Warranty,4.2
137,"Redmi 10 Prime (Astral White, 64 GB)"," ? 11,988.00 ",4 GB RAM | 64 GB ROM16.51 cm (6.5 inch) Display8MP Rear Camera6000 mAh Battery1 Year Manufacturer Warranty for Handset and 6 Months Warranty for In the Box Accessories,4.2
138,"vivo T1X (Space Blue, 128 GB)"," ? 14,999.00 ",6 GB RAM | 128 GB ROM16.71 cm (6.58 inch) Full HD+ Display50MP + 2MP | 8MP Front Camera5000 mAh BatteryQualcomm Snapdragon 680 Processor1 Year on Handset and 6 Months on Accessories,4.4
139,"REDMI 10 Prime (Astral White, 128 GB)"," ? 14,999.00 ",6 GB RAM | 128 GB ROM | Expandable Upto 512 GB16.51 cm (6.5 inch) Full HD Display50MP + 8MP + 2MP + 2MP | 8MP Front Camera6000 mAh BatteryHelio G88 Processor1 Year Manufacturer Warranty for Handset and 6 Months Warranty for In the Box Accessories,4.2
140,"REDMI 9 Prime (Mint Green, 128 GB)"," ? 11,490.00 ",4 GB RAM | 128 GB ROM | Expandable Upto 512 GB16.59 cm (6.53 inch) Full HD+ Display13MP + 8MP + 5MP + 2MP | 8MP Front Camera5020 mAh BatteryMediaTek Helio G80 Processor1 Year Manufacturer Warranty,4.4
141,"POCO M4 5G (Cool Blue, 128 GB)"," ? 14,999.00 ",6 GB RAM | 128 GB ROM | Expandable Upto 512 GB16.71 cm (6.58 inch) Full HD+ Display50MP + 2MP | 8MP Front Camera5000 mAh Lithium Ion Polymer BatteryMediatek Dimensity 700 Processor1 Year Warranty for Handset and 6 Months for Accessories,4.2
142,"Infinix Hot 12 Pro (Lightsaber Green, 128 GB)"," ? 12,999.00 ",8 GB RAM | 128 GB ROM | Expandable Upto 256 GB16.76 cm (6.6 inch) HD+ Display50 MP + Depth Lens | 8MP Front Camera5000 mAh Lithium-ion Polymer BatteryUnisoc T616 Processor1 Year on Handset and 6 Months on Accessories,4
143,"realme C35 (Glowing Black, 64 GB)"," ? 11,999.00 ",4 GB RAM | 64 GB ROM | Expandable Upto 1 TB16.76 cm (6.6 inch) Full HD+ Display50MP + 2MP + 0.3MP | 8MP Front Camera5000 mAh Lithium Polymer BatteryUnisoc Tiger T616 Processor1 Year Warranty for Phone and 6 Months Warranty for In-Box Accessories,4.4
144,"vivo Y16 (Drizzling Gold, 128 GB)"," ? 12,989.00 ",4 GB RAM | 128 GB ROM | Expandable Upto 1 TB16.54 cm (6.51 inch) HD+ Display13MP + 2MP | 5MP Front Camera5000 mAh BatteryMediatek Helio P35 Processor1 Year of Device & 6 Months for In-Box Accessories,4.3
145,"realme C35 (Glowing Black, 128 GB)"," ? 12,999.00 ",4 GB RAM | 128 GB ROM | Expandable Upto 1 TB16.76 cm (6.6 inch) Full HD+ Display50MP + 2MP + 0.3MP | 8MP Front Camera5000 mAh Lithium Polymer BatteryUnisoc Tiger T616 Processor1 Year Warranty for Phone and 6 Months Warranty for In-Box Accessories,4.4
146,"OPPO A17 (Lake Blue, 64 GB)"," ? 14,999.00 ",4 GB RAM | 64 GB ROM | Expandable Upto 2 TB16.66 cm (6.56 inch) HD+ Display50MP + 0.3MP + 0.3MP | 5MP Front Camera5000 mAh Lithium-ion Polymer BatteryMediatek Helio G35 Processor1 Year on Handset and 6 Months on Accessories,4.4
147,"REDMI Note 9 (Shadow Black, 128 GB)"," ? 14,999.00 ",6 GB RAM | 128 GB ROM | Expandable Upto 512 GB16.59 cm (6.53 inch) Full HD+ Display48MP + 8MP + 2MP + 2MP | 13MP Front Camera5020 mAh BatteryMediaTek Helio G85 Processor1 Year Manufacturer Warranty for Device and 6 months Manufacturer Warranty for In-box Accessories Including Batteries from the Date of Purchase,4.3
148,"realme 9i (Prism Blue, 128 GB)"," ? 13,499.00 ",4 GB RAM | 128 GB ROM | Expandable Upto 1 TB16.76 cm (6.6 inch) Full HD+ Display50MP + 2MP + 2MP | 16MP Front Camera5000 mAh Lithium ion BatteryQualcomm Snapdragon 680 (SM6225) Processor1 Year Manufacturer Warranty for Phone and 6 Months Warranty for in the Box Accessories,4.5
149,"REDMI 10A SPORT (SLATE GREY, 128 GB)"," ? 10,570.00 ",6 GB RAM | 128 GB ROM16.59 cm (6.53 inch) Display13MP Rear Camera5000 mAh Battery12 Months Warranty,4
150,"POCO F1 (Steel Blue, 64 GB)"," ? 13,489.00 ",6 GB RAM | 64 GB ROM | Expandable Upto 256 GB15.7 cm (6.18 inch) Full HD+ Display12MP + 5MP | 20MP Front Camera4000 mAh Li-polymer BatteryQualcomm Snapdragon 845 ProcessorBrand Warranty of 1 Year Available for Mobile and 6 Months for Accessories,4.5
151,"REDMI 10A (Charcoal Black, 32 GB)"," ? 8,350.00 ",3 GB RAM | 32 GB ROM16.59 cm (6.53 inch) Display13MP Rear Camera5000 mAh Battery12 months,4.1
152,"Infinix Hot 12 Pro (Electric Blue, 128 GB)"," ? 12,999.00 ",8 GB RAM | 128 GB ROM | Expandable Upto 256 GB16.76 cm (6.6 inch) HD+ Display50 MP + Depth Lens | 8MP Front Camera5000 mAh Lithium-ion Polymer BatteryUnisoc T616 Processor1 Year on Handset and 6 Months on Accessories,4
153,"REDMI 9 Prime (Matte Black, 128 GB)"," ? 11,490.00 ",4 GB RAM | 128 GB ROM | Expandable Upto 512 GB16.59 cm (6.53 inch) Full HD+ Display13MP + 8MP + 5MP + 2MP | 8MP Front Camera5000 mAh BatteryMediaTek Helio G80 Processor1 Year Manufacturer Warranty,4.4
154,"realme Narzo N55 (Prime Black, 64 GB)"," ? 11,319.00 ",4 GB RAM | 64 GB ROM17.07 cm (6.72 inch) Display64MP Rear Camera5000 mAh Battery1 Year Domestic Warranty for Phone and 6 Months Warranty for In-Box Accessories,4.2
155,"realme Narzo N55 (Prime Blue, 64 GB)"," ? 11,495.00 ",4 GB RAM | 64 GB ROM17.07 cm (6.72 inch) Display64MP Rear Camera5000 mAh Battery1 Year Domestic Warranty for Phone and 6 Months Warranty for In-Box Accessories,4.2
156,"REDMI 10A (Slate grey, 64 GB)"," ? 9,487.00 ",4 GB RAM | 64 GB ROM16.59 cm (6.53 inch) Display13MP Rear Camera5000 mAh Battery1 Year Manufacturer Warranty for Handset and 6 Months Warranty for In the Box Accessories,4.2
157,"MOTOROLA G32 (Satin Silver, 64 GB)"," ? 10,999.00 ",4 GB RAM | 64 GB ROM16.51 cm (6.5 inch) Full HD+ Display50MP + 8MP + 2MP | 16MP Front Camera5000 mAh Lithium Polymer BatteryQualcomm Snapdragon 680 Processor1 Year on Handset and 6 Months on Accessories,4.2
158,"realme Narzo 50A Prime (Flash Blue, 128 GB)"," ? 12,999.00 ",4 GB RAM | 128 GB ROM16.76 cm (6.6 inch) Display50MP Rear Camera5000 mAh Battery12 Months Brand Warranty,4.1
159,"OPPO A17k (Blue, 64 GB)"," ? 12,999.00 ",3 GB RAM | 64 GB ROM | Expandable Upto 2 TB16.66 cm (6.56 inch) HD+ Display8MP Rear Camera | 5MP Front Camera5000 mAh BatteryMediatek Helio P35 Processor1 Year on Handset and 6 Months on Accessories,4.5
160,"realme Narzo 50A Prime (Flash Black, 64 GB)"," ? 11,199.00 ",4 GB RAM | 64 GB ROM | Expandable Upto 512 GB16.76 cm (6.6 inch) Full HD+ Display50MP Rear Camera | 8MP Front Camera5000 mAh Battery1 Year Manufacturer Warranty for Phone and 6 Months Warranty for In-Box Accessories,4.1
161,"realme NARZO 50A PRIME (FLASH BLUE, 64 GB)"," ? 11,315.00 ",4 GB RAM | 64 GB ROM16.76 cm (6.6 inch) Display50MP Rear Camera5000 mAh Battery1 YEAR ON MOBILE AND 6 MONTHS FOR ACCESORIES,4.1
162,"REDMI 9 Activ (Carbon Black, 128 GB)"," ? 9,499.00 ",6 GB RAM | 128 GB ROM | Expandable Upto 512 GB16.59 cm (6.53 inch) HD+ Display13MP + 2MP | 5MP Front Camera5000 mAh Lithium Polymer BatteryMediatek Helio G35 Processor1 Year Warranty on Mobile Device and 6 months on Accessories,4.2
163,"POCO M4 Pro 5G (Yellow, 64 GB)"," ? 14,999.00 ","4 GB RAM | 64 GB ROM | Expandable Upto 1 TB16.76 cm (6.6 inch) Full HD+ Display50MP + 8MP | 16MP Front Camera5000 mAh Lithium-ion Polymer BatteryMediatek Dimensity 810 ProcessorOne Year for Handset, 6 Months for Accessories",4.3
164,"realme C30s (Stripe Blue, 64 GB)"," ? 9,239.00 ",4 GB RAM | 64 GB ROM | Expandable Upto 1 TB16.51 cm (6.5 inch) HD+ Display8MP Rear Camera | 5MP Front Camera5000 mAh Lithium Ion BatteryUnisoc SC9863A/ Unisoc SC9863A1 Processor1 Year Manufacturer Warranty for Phone and 6 Months Warranty for In-Box Accessories,4.2
165,"MOTOROLA g31 (Meteorite Grey, 64 GB)"," ? 11,999.00 ",4 GB RAM | 64 GB ROM | Expandable Upto 1 TB16.26 cm (6.4 inch) Full HD+ Display50MP + 8MP + 2MP | 13MP Front Camera5000 mAh LiPo BatteryMediatek Helio G85 Processor1 Year on Handset and 6 Months on Accessories,4.2
166,"SAMSUNG Galaxy A04 (Green, 128 GB)"," ? 12,999.00 ",4 GB RAM | 128 GB ROM | Expandable Upto 1 TB16.51 cm (6.5 inch) HD+ Display50MP + 2MP | 5MP Front Camera5000 mAh Lithium Ion BatteryMediatek Helio P35 Processor1 Year Manufacturer Warranty for Device and 6 Months Manufacturer Warranty for In-Box Accessories,4
167,"REDMI Note 9 (Scarlet Red, 128 GB)"," ? 14,999.00 ",6 GB RAM | 128 GB ROM | Expandable Upto 512 GB16.59 cm (6.53 inch) Full HD+ Display48MP + 8MP + 2MP + 2MP | 13MP Front Camera5020 mAh BatteryMediaTek Helio G85 Processor1 Year Manufacturer Warranty for Device and 6 months Manufacturer Warranty for In-box Accessories Including Batteries from the Date of Purchase,4.3
168,"REDMI Note 11 (Starburst White, 64 GB)"," ? 13,490.00 ",4 GB RAM | 64 GB ROM16.33 cm (6.43 inch) Display50MP Rear Camera5000 mAh Battery1 Year Warranty,4.2
169,"SAMSUNG Galaxy A04e (Light Blue, 64 GB)"," ? 9,999.00 ",3 GB RAM | 64 GB ROM | Expandable Upto 1 TB16.51 cm (6.5 inch) HD+ Display13MP + 2MP | 5MP Front Camera5000 mAh Lithium Ion BatteryMediatek Helio P35 Processor1 Year Manufacturer Warranty for Device and 6 Months Manufacturer Warranty for In-Box Accessories,4.2
170,"SAMSUNG Galaxy A03 (Black, 32 GB)"," ? 8,488.00 ",3 GB RAM | 32 GB ROM16.51 cm (6.5 inch) HD+ Display48MP + 2MP | 5MP Front Camera5000 mAh Lithium Ion BatteryUnisoc UMS9230 Processor1 Year Manufacturer Warranty for Device and 6 Months Manufacturer Warranty for In-Box,4.1
171,"REDMI 10A SPORT (CHARCOAL BLACK, 128 GB)"," ? 10,538.00 ",6 GB RAM | 128 GB ROM16.59 cm (6.53 inch) Display13MP Rear Camera5000 mAh Battery12 Months Warranty,4
172,"realme 8 (Punk Black, 128 GB)"," ? 13,499.00 ",4 GB RAM | 128 GB ROM | Expandable Upto 256 GB16.26 cm (6.4 inch) Full HD+ Display64MP + 8MP + 2MP + 2MP | 16MP Front Camera5000 mAh BatteryMediaTek Helio G95 ProcessorSuper AMOLED Display1 Year Warranty for Mobile and 6 Months for Accessories,4.4
173,"Infinix Hot 12 Pro (Racing Black, 128 GB)"," ? 12,999.00 ",8 GB RAM | 128 GB ROM | Expandable Upto 256 GB16.76 cm (6.6 inch) HD+ Display50 MP + Depth Lens | 8MP Front Camera5000 mAh Lithium-ion Polymer BatteryUnisoc T616 Processor1 Year on Handset and 6 Months on Accessories,4
174,"SAMSUNG Galaxy A04e (Copper, 64 GB)"," ? 9,999.00 ",3 GB RAM | 64 GB ROM | Expandable Upto 1 TB16.51 cm (6.5 inch) HD+ Display13MP + 2MP | 5MP Front Camera5000 mAh Lithium Ion BatteryMediatek Helio P35 Processor1 Year Manufacturer Warranty for Device and 6 Months Manufacturer Warranty for In-Box Accessories,4.2
175,"LAVA Blaze Nxt (Glass Green, 64 GB)"," ? 8,599.00 ",4 GB RAM | 64 GB ROM | Expandable Upto 256 GB16.51 cm (6.5 inch) HD+ Display13MP Rear Camera | 8MP Front Camera5000 mAh BatteryMediaTek G37 Processor1 Year Handset Warranty and 6 Months Warranty on Accessories,4.2
176,"realme Narzo 50i (Carbon Black, 64 GB)"," ? 11,000.00 ",4 GB RAM | 64 GB ROM | Expandable Upto 256 GB16.51 cm (6.5 inch) Display8MP Rear Camera | 5MP Front Camera5000 mAh BatterySC9863A Processor1 Year Warranty for Mobile and 6 Months for Accessories,4.3
177,"REDMI 12c (Matte Black, 128 GB)"," ? 11,084.00 ",6 GB RAM | 128 GB ROM | Expandable Upto 1 TB17.04 cm (6.71 inch) HD+ Display50MP Rear Camera | 5MP Front Camera5000 mAh BatteryMediaTek Helio G85 Processor1 Year Domestic Warranty for Phone and 6 Months Domestic Warranty for In-Box Accessories,4.2
178,"vivo Y12G (Phantom Black, 32 GB)"," ? 11,999.00 ",3 GB RAM | 32 GB ROM | Expandable Upto 256 GB16.54 cm (6.51 inch) HD+ Display13MP + 2MP | 8MP Front Camera5000 mAh Li-ion BatteryQualcomm Snapdragon 439 Processor1 Year Warranty for Handset and 6 Months for In-box Accessories,4.3
179,"REDMI 9 Activ (Carbon Black, 64 GB)"," ? 9,912.00 ",4 GB RAM | 64 GB ROM | Expandable Upto 512 GB16.59 cm (6.53 inch) HD+ Display13MP + 2MP | 5MP Front Camera5000 mAh Lithium Polymer BatteryMediatek Helio G35 Processor1 Year Manufacturer Warranty for Phone and 6 Months Warranty for in the Box Accessories,4.2
180,"SAMSUNG Galaxy M04 (Dark Blue, 64 GB)"," ? 8,499.00 ",4 GB RAM | 64 GB ROM | Expandable Upto 1 TB16.51 cm (6.5 inch) HD+ Display13MP + 2MP | 5MP Front Camera5000 mAh BatteryMediaTek Helio P35 Processor1 year manufacturer warranty for device and 6 months manufacturer warranty for in-box accessories including batteries from the date of purchase,4.1
181,"REDMI Note 11 (Space Black, 64 GB)"," ? 12,990.00 ",4 GB RAM | 64 GB ROM16.33 cm (6.43 inch) Display50MP Rear Camera5000 mAh Battery12 Months Warranty,4.2
182,"REDMI Note 11 (Horizon Blue, 64 GB)"," ? 14,200.00 ",6 GB RAM | 64 GB ROM16.33 cm (6.43 inch) Display50MP Rear Camera5000 mAh Battery1 Year Manufacturer Warranty for Handset and 6 Months Warranty for In the Box Accessories,4.2
183,"SAMSUNG Galaxy M32 Prime Edition (Light Blue, 64 GB)"," ? 14,000.00 ",4 GB RAM | 64 GB ROM16.26 cm (6.4 inch) Display64MP Rear Camera6000 mAh Battery12 Months Warranty,4.2
184,"Tecno Camon 19 (Memphis Green, 128 GB)"," ? 13,649.00 ","6 GB RAM | 128 GB ROM | Expandable Upto 512 GB17.27 cm (6.8 inch) Full HD+ Display64MP + 2MP | 16MP Front Camera5000 mAh BatteryMediaTek Helio G85 Processor1 Year Warranty for Handset, 6 Months for Accessories",4.2
185,"REDMI 9 Prime (Sunrise Flare, 64 GB)"," ? 10,960.00 ",4 GB RAM | 64 GB ROM | Expandable Upto 512 GB16.59 cm (6.53 inch) Full HD+ Display13MP + 8MP + 5MP + 2MP | 8MP Front Camera5020 mAh BatteryMediaTek Helio G80 Processor1 Year Manufacturer Warranty,4.4
186,"REDMI Note 10S (Cosmic Purple, 64 GB)"," ? 16,999.00 ",6 GB RAM | 64 GB ROM | Expandable Upto 512 GB16.33 cm (6.43 inch) Full HD+ Super AMOLED Display64MP + 8MP + 2MP + 2MP | 13MP Front Camera5000 mAh Lithium-Ploymer BatteryMediatek Helio G95 Processor1 Year Manufacturer Warranty for Phone and 6 Months Warranty for In the Box Accessories,4.4
187,"REDMI 12c (Royal Blue, 128 GB)"," ? 10,676.00 ",6 GB RAM | 128 GB ROM | Expandable Upto 1 TB17.04 cm (6.71 inch) HD+ Display50MP Rear Camera | 5MP Front Camera5000 mAh BatteryMediaTek Helio G85 Processor1 Year Warranty for Phone and 6 Months Warranty for In-Box Accessories,4.2
188,"vivo Y16 (Drizzling Gold, 32 GB)"," ? 10,900.00 ",3 GB RAM | 32 GB ROM | Expandable Upto 1 TB16.54 cm (6.51 inch) HD+ Display13MP + 2MP | 5MP Front Camera5000 mAh Lithium BatteryMediatek Helio P35 Processor1 Year of Device & 6 Months for In-Box Accessories,4.2
189,"MOTOROLA g42 (Metallic Rose, 64 GB)"," ? 13,999.00 ",4 GB RAM | 64 GB ROM16.43 cm (6.47 inch) Full HD+ AMOLED Display50MP + 8MP + 2MP | 16MP Front Camera5000 mAh Lithium polymer BatteryQualcomm Snapdragon 680 Processor1 Year on Handset and 6 Months on Accessories,4.2
190,"MOTOROLA G60 (Dynamic Gray, 128 GB)"," ? 14,999.00 ",6 GB RAM | 128 GB ROM17.27 cm (6.8 inch) Full HD+ Display108MP + 8MP + 2MP | 32MP Front Camera6000 mAh BatteryQualcomm Snapdragon 732G Processor120Hz Refresh RateStock Android Experience1 Year on Handset and 6 Months on Accessories,4.2
191,"REDMI 12C (Matte Black, 64 GB)"," ? 9,145.00 ",4 GB RAM | 64 GB ROM17.04 cm (6.71 inch) Display50MP Rear Camera5000 mAh BatteryDomestic warranty of 12 months on phone & 6 months on accessories,4.2
192,"vivo T1X (DIAMOND GLOW, 128 GB)"," ? 15,000.00 ",4 GB RAM | 128 GB ROM16.71 cm (6.58 inch) Full HD+ Display50MP + 2MP | 8MP Front Camera5000 mAh BatteryQualcomm Snapdragon 680 Processor1 Year on Handset and 6 Months on Accessories,4.5
193,"REDMI Note 11 (Starburst White, 64 GB)"," ? 14,200.00 ",6 GB RAM | 64 GB ROM16.33 cm (6.43 inch) Display50MP Rear Camera5000 mAh Battery12 Months Warranty,4.2
194,"REDMI Note 11S (Horizon Blue, 64 GB)"," ? 14,475.00 ",6 GB RAM | 64 GB ROM16.33 cm (6.43 inch) Display108MP Rear Camera5000 mAh Battery1 Year Manufacturer Warranty for Handset and 6 Months Warranty for In the Box Accessories,4.1
195,"Tecno Camon 19 (Sea Salt White, 128 GB)"," ? 14,499.00 ","6 GB RAM | 128 GB ROM | Expandable Upto 512 GB17.27 cm (6.8 inch) Full HD+ Display64MP + 2MP | 16MP Front Camera5000 mAh BatteryMediaTek Helio G85 Processor1 Year Warranty for Handset, 6 Months for Accessories",4.2
196,"REDMI Note 11 (Horizon Blue, 128 GB)"," ? 14,830.00 ",6 GB RAM | 128 GB ROM16.33 cm (6.43 inch) Display50MP Rear Camera5000 mAh Battery12 Months Warranty,4.2
197,"REDMI 9 Power (Fiery Red, 128 GB)"," ? 13,990.00 ",4 GB RAM | 128 GB ROM16.59 cm (6.53 inch) Full HD+ Display48MP + 8MP + 2MP + 2MP | 8MP Front Camera6000 mAh BatteryQualcomm Snapdragon 662 Processor1 year manufacturer warranty for device and 6 months manufacturer warranty for in-box accessories including batteries from the date of purchase,4.3
198,"realme Narzo 50 (Speed Blue, 128 GB)"," ? 17,999.00 ",6 GB RAM | 128 GB ROM | Expandable Upto 256 GB16.76 cm (6.6 inch) Full HD+ Display50MP + 2MP + 2MP | 16MP Front Camera5000 mAh Lithium Polymer BatteryMediatek Helio G96 Processor1 Year Warranty for Phone and 6 Months Warranty for In-Box Accessories,4.3
199,"SAMSUNG GALAXY M13 5G (Aqua Green, 128 GB)"," ? 14,199.00 ",6 GB RAM | 128 GB ROM16.51 cm (6.5 inch) Display50MP Rear Camera5000 mAh Battery12 Months Warranty,4.2
200,"Tecno Spark 10 5G (Meta Black, 128 GB)"," ? 14,299.00 ",8 GB RAM | 128 GB ROM16.76 cm (6.6 inch) Display50MP Rear Camera5000 mAh BatteryDomestic Warranty 1 Year For Handset And 6 Month For Accessories.,4.5
201,"realme Narzo 50 (Speed Black, 128 GB)"," ? 17,999.00 ",6 GB RAM | 128 GB ROM | Expandable Upto 256 GB16.76 cm (6.6 inch) Full HD+ Display50MP + 2MP + 2MP | 16MP Front Camera5000 mAh Lithium Polymer BatteryMediatek Helio G96 Processor1 Year Warranty for Phone and 6 Months Warranty for In-Box Accessories,4.3
202,"realme 9 5G (Meteor Black, 64 GB)"," ? 13,999.00 ",4 GB RAM | 64 GB ROM | Expandable Upto 1 TB16.51 cm (6.5 inch) Full HD+ Display48MP + 2MP + 2MP | 16MP Front Camera5000 mAh Lithium Polymer BatteryMediatek Dimensity 810 Processor1 Year Warranty for Phone and 6 Months Warranty for In-Box Accessories,4.5
203,"realme C21 (Cross Black, 64 GB)"," ? 10,499.00 ",4 GB RAM | 64 GB ROM | Expandable Upto 256 GB16.51 cm (6.5 inch) HD+ Display13MP + 2MP + 2MP | 5MP Front Camera5000 mAh BatteryMediaTek Helio G35 Processor1 Year Warranty for Mobile and 6 Months for Accessories,4.4
204,"Redmi 9 (Carbon Black, 64 GB)"," ? 10,690.00 ",4 GB RAM | 64 GB ROM16.59 cm (6.53 inch) HD+ Display13MP + 2MP | 5MP Front Camera5000 mAh BatteryMediaTek Helio G35 Processor1 year manufacturer warranty for device and 6 months manufacturer warranty for in-box accessories including batteries from the date of purchase,4.2
205,"Redmi 9 (Sporty Orange, 64 GB)"," ? 10,989.00 ",4 GB RAM | 64 GB ROM16.59 cm (6.53 inch) HD+ Display13MP + 2MP | 5MP Front Camera5000 mAh BatteryMediaTek Helio G35 Processor1 year manufacturer warranty for device and 6 months manufacturer warranty for in-box accessories including batteries from the date of purchase,4.2
206,"Redmi 9 (Sky Blue, 64 GB)"," ? 10,590.00 ",4 GB RAM | 64 GB ROM16.59 cm (6.53 inch) HD+ Display13MP + 2MP | 5MP Front Camera5000 mAh BatteryMediaTek Helio G35 Processor1 year manufacturer warranty for device and 6 months manufacturer warranty for in-box accessories including batteries from the date of purchase,4.2
207,"vivo Y16 (Steller Black, 64 GB)"," ? 12,980.00 ",4 GB RAM | 64 GB ROM16.54 cm (6.51 inch) Display13MP Rear Camera5000 mAh Battery1 Year of Device & 6 Months for In-Box Accessories,4.3
208,"vivo Y22 (Metaverse Green, 128 GB)"," ? 14,499.00 ",4 GB RAM | 128 GB ROM | Expandable Upto 1 TB16.64 cm (6.55 inch) HD+ Display50MP + 2MP | 8MP Front Camera5000 mAh Lithium BatteryMediatek Helio G70 Processor1 Year of Device & 6 Months for In-Box Accessories,4.3
209,"vivo Y22 (Starlit Blue, 64 GB)"," ? 17,990.00 ",4 GB RAM | 64 GB ROM | Expandable Upto 1 TB16.64 cm (6.55 inch) HD+ Display50MP + 2MP | 8MP Front Camera5000 mAh Lithium BatteryMediatek Helio G70 Processor1 Year of Device & 6 Months for In-Box Accessories,4.3
210,"vivo Y22 (Starlit Blue, 128 GB)"," ? 14,499.00 ",4 GB RAM | 128 GB ROM | Expandable Upto 1 TB16.64 cm (6.55 inch) HD+ Display50MP + 2MP | 8MP Front Camera5000 mAh Lithium BatteryMediatek Helio G70 Processor1 Year of Device & 6 Months for In-Box Accessories,4.3
211,"vivo Y22 (Metaverse Green, 64 GB)"," ? 17,990.00 ",4 GB RAM | 64 GB ROM | Expandable Upto 1 TB16.64 cm (6.55 inch) HD+ Display50MP + 2MP | 8MP Front Camera5000 mAh Lithium BatteryMediatek Helio G70 Processor1 Year of Device & 6 Months for In-Box Accessories,4.3
212,"REDMI Note 10S (Deep Sea Blue, 64 GB)"," ? 14,699.00 ",6 GB RAM | 64 GB ROM | Expandable Upto 512 GB16.33 cm (6.43 inch) Full HD+ Super AMOLED Display64MP + 8MP + 2MP + 2MP | 13MP Front Camera5000 mAh Lithium-Ploymer BatteryMediatek Helio G95 Processor1 Year Manufacturer Warranty for Phone and 6 Months Warranty for In the Box Accessories,4.4
213,"vivo Y15c (Mystic Blue, 64 GB)"," ? 11,799.00 ",3 GB RAM | 64 GB ROM | Expandable Upto 1 TB16.54 cm (6.51 inch) HD+ Display13MP + 2MP | 8MP Front Camera5000 mAh Lithium BatteryMediatek Helio P35 Processor1 Year for Device & 6 Months for In-Box Accessories,4.2
214,"REDMI 9 Activ (Metallic Purple, 64 GB)"," ? 9,990.00 ",4 GB RAM | 64 GB ROM16.59 cm (6.53 inch) Display13MP Rear Camera5000 mAh Battery12 months,4.2
215,"SAMSUNG Galaxy A13 (Green, 64 GB)"," ? 14,399.00 ",4 GB RAM | 64 GB ROM | Expandable Upto 1 TB16.76 cm (6.6 inch) Full HD+ Display50MP + 5MP + 2MP + 2MP | 8MP Front Camera5000 mAh Lithium Ion BatteryExynos Octa Core Processor1 Year Manufacturer Warranty for Device and 6 months Manufacturer Warranty for In-Box Accessories from Date of Purchase,4.1
216,"vivo Y22 (Metaverse Green, 128 GB)"," ? 14,499.00 ",4 GB RAM | 128 GB ROM | Expandable Upto 1 TB16.64 cm (6.55 inch) HD+ Display50MP + 2MP | 8MP Front Camera5000 mAh Lithium BatteryMediatek Helio G70 Processor1 Year of Device & 6 Months for In-Box Accessories,4.3
217,"vivo Y22 (Starlit Blue, 64 GB)"," ? 17,990.00 ",4 GB RAM | 64 GB ROM | Expandable Upto 1 TB16.64 cm (6.55 inch) HD+ Display50MP + 2MP | 8MP Front Camera5000 mAh Lithium BatteryMediatek Helio G70 Processor1 Year of Device & 6 Months for In-Box Accessories,4.3
218,"REDMI Note 10S (Deep Sea Blue, 64 GB)"," ? 14,699.00 ",6 GB RAM | 64 GB ROM | Expandable Upto 512 GB16.33 cm (6.43 inch) Full HD+ Super AMOLED Display64MP + 8MP + 2MP + 2MP | 13MP Front Camera5000 mAh Lithium-Ploymer BatteryMediatek Helio G95 Processor1 Year Manufacturer Warranty for Phone and 6 Months Warranty for In the Box Accessories,4.4
219,"vivo Y15c (Mystic Blue, 64 GB)"," ? 11,799.00 ",3 GB RAM | 64 GB ROM | Expandable Upto 1 TB16.54 cm (6.51 inch) HD+ Display13MP + 2MP | 8MP Front Camera5000 mAh Lithium BatteryMediatek Helio P35 Processor1 Year for Device & 6 Months for In-Box Accessories,4.2
220,"REDMI 9 Activ (Metallic Purple, 64 GB)"," ? 9,990.00 ",4 GB RAM | 64 GB ROM16.59 cm (6.53 inch) Display13MP Rear Camera5000 mAh Battery12 months,4.2
221,"vivo Y22 (Metaverse Green, 128 GB)"," ? 14,490.00 ",4 GB RAM | 128 GB ROM | Expandable Upto 1 TB16.64 cm (6.55 inch) HD+ Display50MP + 2MP | 8MP Front Camera5000 mAh BatteryMediatek Helio G70 Processor1 Year of Device & 6 Months for In-Box Accessories,4.3
222,"realme Narzo 50A Prime (Flash Blue, 64 GB)"," ? 11,499.00 ",4 GB RAM | 64 GB ROM | Expandable Upto 512 GB16.76 cm (6.6 inch) Full HD+ Display50MP Rear Camera | 8MP Front Camera5000 mAh Battery1 Year Manufacturer Warranty for Phone and 6 Months Warranty for In-Box Accessories,4.1
223,"realme C25_Y (Glacier Blue, 64 GB)"," ? 10,999.00 ",4 GB RAM | 64 GB ROM16.51 cm (6.5 inch) HD+ Display50MP + 2MP + 2MP | 8MP Front Camera5000 mAh LiPo BatteryUnisoc T618 Processor1 Year Domestic Warranty,4.5
224,"vivo Y21E (Midnight Blue, 64 GB)"," ? 12,190.00 ",3 GB RAM | 64 GB ROM16.54 cm (6.51 inch) Display13MP Rear Camera5000 mAh Battery12 months,4.3
225,"vivo Y21E (Diamond Glow, 64 GB)"," ? 12,190.00 ",3 GB RAM | 64 GB ROM16.54 cm (6.51 inch) Display13MP Rear Camera5000 mAh Battery12 Months,4.3
226,"REDMI Note 10 Lite (Glacier White, 128 GB)"," ? 14,490.00 ",6 GB RAM | 128 GB ROM16.94 cm (6.67 inch) Display48MP Rear Camera5020 mAh Battery1 Year Manufacturer Warranty,4.3
227,"Redmi Note 9 Pro (Champagne Gold, 128 GB)"," ? 13,990.00 ",4 GB RAM | 128 GB ROM | Expandable Upto 512 GB16.94 cm (6.67 inch) Full HD+ Display48MP + 8MP + 5MP + 2MP | 16MP Front Camera5020 mAh BatteryQualcomm® Snapdragon™ 720G Processor1 year manufacturer warranty for device and 6 months manufacturer warranty for in-box accessories,4.3
228,"Infinix Hot 11S (Green Wave, 128 GB)"," ? 11,999.00 ",4 GB RAM | 128 GB ROM | Expandable Upto 256 GB17.22 cm (6.78 inch) Full HD+ Display50 MP + 2 MP + AI Lens | 8MP Front Camera5000 mAh Li-ion Polymer BatteryMediatek Helio G88 Processor1 Year on Handset and 6 Months on Accessories,4.3
229,"Infinix Hot 11S (Polar Black, 128 GB)"," ? 11,999.00 ",4 GB RAM | 128 GB ROM | Expandable Upto 256 GB17.22 cm (6.78 inch) Full HD+ Display50 MP + 2 MP + AI Lens | 8MP Front Camera5000 mAh Li-ion Polymer BatteryMediatek Helio G88 Processor1 Year on Handset and 6 Months on Accessories,4.3
230,"Redmi Note 9 Pro (Glacier White, 128 GB)"," ? 14,399.00 ",4 GB RAM | 128 GB ROM | Expandable Upto 512 GB16.94 cm (6.67 inch) Full HD+ Display48MP + 8MP + 5MP + 2MP | 16MP Front Camera5020 mAh BatteryQualcomm® Snapdragon™ 720G Processor1 year manufacturer warranty for device and 6 months manufacturer warranty for in-box accessories,4.3
231,"vivo Y16 (Steller Black, 32 GB)"," ? 10,490.00 ",3 GB RAM | 32 GB ROM | Expandable Upto 1 TB16.54 cm (6.51 inch) HD+ Display13MP + 2MP | 5MP Front Camera5000 mAh Lithium BatteryMediatek Helio P35 Processor1 Year of Device & 6 Months for In-Box Accessories,4.2
232,"SAMSUNG Galaxy A13 (Peach, 128 GB)"," ? 16,499.00 ",6 GB RAM | 128 GB ROM | Expandable Upto 1 TB16.76 cm (6.6 inch) Full HD+ Display50MP + 5MP + 2MP + 2MP | 8MP Front Camera5000 mAh Lithium Ion BatteryExynos Octa Core Processor1 Year Manufacturer Warranty for Device and 6 months Manufacturer Warranty for In-Box Accessories from Date of Purchase,4.2
233,"OPPO A15 (Dynamic Black, 32 GB)"," ? 10,990.00 ",3 GB RAM | 32 GB ROM | Expandable Upto 256 GB16.56 cm (6.52 inch) HD+ Display13MP + 2MP + 2MP | 5MP Front Camera4230 mAh Lithium-ion Polymer BatteryMediaTek Helio P35 (MT6765) ProcessorBrand Warranty of 1 Year Available for Mobile Including Battery and 6 Months for Accessories,4.3
234,"OPPO A15 (Mystery Blue, 32 GB)"," ? 12,300.00 ",3 GB RAM | 32 GB ROM | Expandable Upto 256 GB16.56 cm (6.52 inch) HD+ Display13MP + 2MP + 2MP | 5MP Front Camera4230 mAh Lithium-ion Polymer BatteryMediaTek Helio P35 (MT6765) ProcessorBrand Warranty of 1 Year Available for Mobile Including Battery and 6 Months for Accessories,4.3
235,"vivo Y22 (Starlit Blue, 128 GB)"," ? 14,498.00 ",4 GB RAM | 128 GB ROM | Expandable Upto 1 TB16.64 cm (6.55 inch) HD+ Display50MP Rear Camera | 8MP Front Camera5000 mAh BatteryMediatek Helio G70 Processor1 Year of Device & 6 Months for In-Box Accessories,4.3
236,"OPPO A16E (White, 64 GB)"," ? 12,000.00 ",4 GB RAM | 64 GB ROM | Expandable Upto 1 TB16.56 cm (6.52 inch) HD+ Display13MP Rear Camera | 5MP Front Camera4230 mAh BatteryMediatek Helio P22 Processor1 Year Manufacturer Warranty for Phone and 6 Months Warranty for In the Box Accessories,4.2
237,"LAVA Blaze Pro (Glass Orange, 64 GB)"," ? 9,854.00 ",4 GB RAM | 64 GB ROM | Expandable Upto 256 GB16.51 cm (6.5 inch) HD+ Display50MP Rear Camera | 8MP Front Camera5000 mAh Lithium Polymer BatteryMediatek G37 Octa Core Processor Processor1 Year Handset Warranty and 6 Months Warranty on Accessories,4.2
238,"LAVA Blaze Pro (Glass Green, 64 GB)"," ? 10,499.00 ",4 GB RAM | 64 GB ROM | Expandable Upto 256 GB16.51 cm (6.5 inch) HD+ Display50MP Rear Camera | 8MP Front Camera5000 mAh Lithium Polymer BatteryMediatek G37 Octa Core Processor Processor1 Year Handset Warranty and 6 Months Warranty on Accessories,4.2
239,"REDMI Note 10S (Shadow Black, 64 GB)"," ? 14,999.00 ",6 GB RAM | 64 GB ROM | Expandable Upto 512 GB16.33 cm (6.43 inch) Full HD+ Super AMOLED Display64MP + 8MP + 2MP + 2MP | 13MP Front Camera5000 mAh Lithium-Ploymer BatteryMediatek Helio G95 Processor1 Year Manufacturer Warranty for Phone and 6 Months Warranty for In the Box Accessories,4.4
